date,total_count,proportion,ci_lower,ci_upper
2019-12-23,1,0,0,0
2019-12-26,2,0,0,0
2019-12-30,13,0,0,0
2019-12-31,2,0,0,0
2020-01-01,3,0,0,0
2020-01-02,2,0,0,0
2020-01-03,1,0,0,0
2020-01-04,1,0,0,0
2020-01-05,2,0,0,0
2020-01-07,1,0,0,0
2020-01-08,2,0,0,0
2020-01-10,14,0,0,0
2020-01-11,1,0,0,0
2020-01-12,25,0,0,0
2020-01-13,1,0,0,0
2020-01-14,11,0,0,0
2020-01-15,19,0,0,0
2020-01-16,9,0,0,0
2020-01-17,2,0,0,0
2020-01-19,23,0,0,0
2020-01-20,5,0,0,0
2020-01-21,8,0,0,0
2020-01-22,25,0,0,0
2020-01-23,13,0,0,0
2020-01-24,9,0,0,0
2020-01-25,25,0,0,0
2020-01-26,16,0,0,0
2020-01-27,20,0,0,0
2020-01-28,11,0,0,0
2020-01-29,46,0,0,0
2020-01-30,22,0,0,0
2020-01-31,14,0,0,0
2020-02-01,18,0,0,0
2020-02-02,17,0,0,0
2020-02-03,23,0,0,0
2020-02-04,10,0,0,0
2020-02-05,16,0,0,0
2020-02-06,32,0,0,0
2020-02-07,30,0,0,0
2020-02-08,27,0,0,0
2020-02-09,25,0,0,0
2020-02-10,22,0,0,0
2020-02-11,25,0,0,0
2020-02-12,11,0,0,0
2020-02-13,15,0,0,0
2020-02-14,10,0,0,0
2020-02-15,40,0,0,0
2020-02-16,36,0,0,0
2020-02-17,46,0,0,0
2020-02-18,23,0,0,0
2020-02-19,16,0,0,0
2020-02-20,11,0,0,0
2020-02-21,16,0,0,0
2020-02-22,13,0,0,0
2020-02-23,12,0,0,0
2020-02-24,30,0,0,0
2020-02-25,35,0,0,0
2020-02-26,28,0,0,0
2020-02-27,63,0,0,0
2020-02-28,66,0,0,0
2020-02-29,82,0,0,0
2020-03-01,146,0,0,0
2020-03-02,190,0,0,0
2020-03-03,219,0,0,0
2020-03-04,224,0,0,0
2020-03-05,232,0,0,0
2020-03-06,199,0,0,0
2020-03-07,176,0,0,0
2020-03-08,205,0,0,0
2020-03-09,369,0,0,0
2020-03-10,410,0,0,0
2020-03-11,512,0,0,0
2020-03-12,671,0,0,0
2020-03-13,787,0,0,0
2020-03-14,830,0,0,0
2020-03-15,969,0,0,0
2020-03-16,1226,0,0,0
2020-03-17,1170,0,0,0
2020-03-18,1156,0,0,0
2020-03-19,1140,0,0,0
2020-03-20,1119,0,0,0
2020-03-21,977,0,0,0
2020-03-22,845,0,0,0
2020-03-23,1657,0,0,0
2020-03-24,1749,0,0,0
2020-03-25,1629,0,0,0
2020-03-26,1660,0,0,0
2020-03-27,1685,0,0,0
2020-03-28,1357,0,0,0
2020-03-29,1256,0,0,0
2020-03-30,1792,0,0,0
2020-03-31,1859,0,0,0
2020-04-01,1859,0,0,0
2020-04-02,1554,0,0,0
2020-04-03,1653,0,0,0
2020-04-04,1224,0,0,0
2020-04-05,972,0,0,0
2020-04-06,1713,0,0,0
2020-04-07,1462,0,0,0
2020-04-08,1496,0,0,0
2020-04-09,1145,0,0,0
2020-04-10,1230,0,0,0
2020-04-11,1020,0,0,0
2020-04-12,847,0,0,0
2020-04-13,1315,0,0,0
2020-04-14,1230,0,0,0
2020-04-15,1126,0,0,0
2020-04-16,1125,0,0,0
2020-04-17,1004,0,0,0
2020-04-18,766,0,0,0
2020-04-19,630,0,0,0
2020-04-20,1111,0,0,0
2020-04-21,986,0,0,0
2020-04-22,1067,0,0,0
2020-04-23,926,0,0,0
2020-04-24,902,0,0,0
2020-04-25,551,0,0,0
2020-04-26,460,0,0,0
2020-04-27,1014,0,0,0
2020-04-28,851,0,0,0
2020-04-29,1111,0,0,0
2020-04-30,1123,0,0,0
2020-05-01,1022,0,0,0
2020-05-02,603,0,0,0
2020-05-03,495,0,0,0
2020-05-04,971,0,0,0
2020-05-05,897,0,0,0
2020-05-06,802,0,0,0
2020-05-07,700,0,0,0
2020-05-08,665,0,0,0
2020-05-09,509,0,0,0
2020-05-10,443,0,0,0
2020-05-11,793,0,0,0
2020-05-12,781,0,0,0
2020-05-13,765,0,0,0
2020-05-14,783,0,0,0
2020-05-15,519,0,0,0
2020-05-16,295,0,0,0
2020-05-17,237,0,0,0
2020-05-18,538,0,0,0
2020-05-19,654,0,0,0
2020-05-20,472,0,0,0
2020-05-21,429,0,0,0
2020-05-22,517,0.0019342359767891683,0.0002793584436381069,0.008907835348023212
2020-05-23,267,0,0,0
2020-05-24,265,0,0,0
2020-05-25,300,0,0,0
2020-05-26,512,0,0,0
2020-05-27,505,0,0,0
2020-05-28,341,0,0,0
2020-05-29,365,0,0,0
2020-05-30,276,0,0,0
2020-05-31,214,0,0,0
2020-06-01,503,0,0,0
2020-06-02,580,0,0,0
2020-06-03,378,0,0,0
2020-06-04,447,0,0,0
2020-06-05,388,0,0,0
2020-06-06,225,0,0,0
2020-06-07,353,0,0,0
2020-06-08,615,0,0,0
2020-06-09,530,0,0,0
2020-06-10,568,0,0,0
2020-06-11,735,0,0,0
2020-06-12,678,0,0,0
2020-06-13,636,0,0,0
2020-06-14,565,0,0,0
2020-06-15,841,0,0,0
2020-06-16,746,0,0,0
2020-06-17,647,0,0,0
2020-06-18,706,0,0,0
2020-06-19,727,0,0,0
2020-06-20,416,0,0,0
2020-06-21,477,0,0,0
2020-06-22,543,0,0,0
2020-06-23,595,0,0,0
2020-06-24,679,0,0,0
2020-06-25,557,0,0,0
2020-06-26,465,0,0,0
2020-06-27,376,0,0,0
2020-06-28,270,0,0,0
2020-06-29,574,0,0,0
2020-06-30,540,0,0,0
2020-07-01,587,0,0,0
2020-07-02,719,0,0,0
2020-07-03,514,0,0,0
2020-07-04,326,0,0,0
2020-07-05,285,0,0,0
2020-07-06,612,0,0,0
2020-07-07,636,0,0,0
2020-07-08,782,0,0,0
2020-07-09,693,0,0,0
2020-07-10,521,0,0,0
2020-07-11,384,0,0,0
2020-07-12,327,0,0,0
2020-07-13,638,0,0,0
2020-07-14,661,0,0,0
2020-07-15,872,0,0,0
2020-07-16,654,0,0,0
2020-07-17,657,0,0,0
2020-07-18,577,0,0,0
2020-07-19,436,0,0,0
2020-07-20,621,0,0,0
2020-07-21,688,0,0,0
2020-07-22,604,0,0,0
2020-07-23,755,0,0,0
2020-07-24,630,0,0,0
2020-07-25,456,0,0,0
2020-07-26,323,0,0,0
2020-07-27,786,0,0,0
2020-07-28,647,0,0,0
2020-07-29,660,0,0,0
2020-07-30,580,0,0,0
2020-07-31,556,0,0,0
2020-08-01,540,0,0,0
2020-08-02,440,0,0,0
2020-08-03,861,0,0,0
2020-08-04,720,0,0,0
2020-08-05,566,0,0,0
2020-08-06,693,0,0,0
2020-08-07,540,0,0,0
2020-08-08,398,0,0,0
2020-08-09,447,0,0,0
2020-08-10,778,0,0,0
2020-08-11,742,0,0,0
2020-08-12,669,0,0,0
2020-08-13,755,0,0,0
2020-08-14,694,0,0,0
2020-08-15,416,0,0,0
2020-08-16,366,0,0,0
2020-08-17,864,0,0,0
2020-08-18,759,0,0,0
2020-08-19,755,0,0,0
2020-08-20,925,0,0,0
2020-08-21,751,0,0,0
2020-08-22,353,0,0,0
2020-08-23,355,0,0,0
2020-08-24,662,0,0,0
2020-08-25,697,0,0,0
2020-08-26,966,0,0,0
2020-08-27,898,0,0,0
2020-08-28,734,0,0,0
2020-08-29,542,0,0,0
2020-08-30,649,0,0,0
2020-08-31,1021,0,0,0
2020-09-01,921,0,0,0
2020-09-02,757,0,0,0
2020-09-03,945,0,0,0
2020-09-04,796,0,0,0
2020-09-05,420,0,0,0
2020-09-06,319,0,0,0
2020-09-07,893,0,0,0
2020-09-08,830,0,0,0
2020-09-09,1375,0,0,0
2020-09-10,1638,0,0,0
2020-09-11,867,0,0,0
2020-09-12,385,0,0,0
2020-09-13,362,0,0,0
2020-09-14,824,0,0,0
2020-09-15,804,0,0,0
2020-09-16,1987,0.0005032712632108706,8.607052612375803e-05,0.002756776338568878
2020-09-17,924,0,0,0
2020-09-18,1196,0,0,0
2020-09-19,760,0,0,0
2020-09-20,668,0,0,0
2020-09-21,1443,0,0,0
2020-09-22,983,0,0,0
2020-09-23,1315,0,0,0
2020-09-24,2604,0,0,0
2020-09-25,1110,0,0,0
2020-09-26,482,0,0,0
2020-09-27,1071,0,0,0
2020-09-28,775,0,0,0
2020-09-29,1237,0,0,0
2020-09-30,1086,0,0,0
2020-10-01,2093,0,0,0
2020-10-02,1405,0,0,0
2020-10-03,1265,0,0,0
2020-10-04,680,0,0,0
2020-10-05,2230,0,0,0
2020-10-06,1941,0,0,0
2020-10-07,1967,0,0,0
2020-10-08,1777,0,0,0
2020-10-09,1509,0,0,0
2020-10-10,790,0,0,0
2020-10-11,1012,0,0,0
2020-10-12,2088,0.0004789272030651341,8.12005737431738e-05,0.00260108816571336
2020-10-13,1449,0,0,0
2020-10-14,1880,0,0,0
2020-10-15,2455,0,0,0
2020-10-16,1414,0,0,0
2020-10-17,1218,0,0,0
2020-10-18,738,0,0,0
2020-10-19,1764,0,0,0
2020-10-20,2118,0,0,0
2020-10-21,2499,0,0,0
2020-10-22,2013,0,0,0
2020-10-23,1507,0,0,0
2020-10-24,1561,0,0,0
2020-10-25,830,0,0,0
2020-10-26,2678,0,0,0
2020-10-27,1781,0,0,0
2020-10-28,1400,0,0,0
2020-10-29,2138,0,0,0
2020-10-30,2215,0.0004514672686230248,7.90904061708341e-05,0.002533617041440839
2020-10-31,1024,0,0,0
2020-11-01,2510,0,0,0
2020-11-02,3705,0,0,0
2020-11-03,2227,0,0,0
2020-11-04,3307,0,0,0
2020-11-05,2970,0,0,0
2020-11-06,2313,0,0,0
2020-11-07,1773,0,0,0
2020-11-08,2635,0,0,0
2020-11-09,2957,0,0,0
2020-11-10,2288,0,0,0
2020-11-11,2605,0,0,0
2020-11-12,3192,0,0,0
2020-11-13,2886,0,0,0
2020-11-14,2646,0,0,0
2020-11-15,1504,0,0,0
2020-11-16,1645,0.0006079027355623101,0.00010186532072351364,0.003261481112249994
2020-11-17,2135,0,0,0
2020-11-18,2952,0,0,0
2020-11-19,1372,0,0,0
2020-11-20,1894,0,0,0
2020-11-21,1509,0,0,0
2020-11-22,1729,0,0,0
2020-11-23,2133,0.00046882325363338024,7.937491984235139e-05,0.002542714550073283
2020-11-24,1787,0,0,0
2020-11-25,1685,0,0,0
2020-11-26,1145,0,0,0
2020-11-27,1602,0,0,0
2020-11-28,918,0,0,0
2020-11-29,847,0,0,0
2020-11-30,2252,0,0,0
2020-12-01,2582,0,0,0
2020-12-02,2253,0,0,0
2020-12-03,1964,0,0,0
2020-12-04,1629,0,0,0
2020-12-05,933,0,0,0
2020-12-06,1143,0,0,0
2020-12-07,2583,0,0,0
2020-12-08,2264,0.00044169611307420494,7.749323495093556e-05,0.0024825442365370063
2020-12-09,2270,0,0,0
2020-12-10,4260,0.00023474178403755868,4.132142316397176e-05,0.0013248657620675856
2020-12-11,3606,0,0,0
2020-12-12,2068,0,0,0
2020-12-13,1963,0,0,0
2020-12-14,4034,0,0,0
2020-12-15,4258,0,0,0
2020-12-16,3631,0,0,0
2020-12-17,3292,0,0,0
2020-12-18,3249,0,0,0
2020-12-19,2398,0,0,0
2020-12-20,1984,0,0,0
2020-12-21,3259,0,0,0
2020-12-22,2777,0,0,0
2020-12-23,2359,0,0,0
2020-12-24,2100,0,0,0
2020-12-25,1081,0,0,0
2020-12-26,2828,0,0,0
2020-12-27,2452,0,0,0
2020-12-28,3276,0,0,0
2020-12-29,4038,0.00024764735017335313,4.304446053478373e-05,0.0013800555197421654
2020-12-30,3112,0,0,0
2020-12-31,2721,0.0003675119441381845,6.277658989040208e-05,0.00201177192164519
2021-01-01,1901,0,0,0
2021-01-02,3602,0.000832870627429206,0.0002695872469197829,0.0023279349086646572
2021-01-03,3020,0.00033112582781456954,5.636238129601629e-05,0.0018064868136378094
2021-01-04,5150,0.0005825242718446602,0.00018599083461459946,0.0016067020547394395
2021-01-05,4729,0,0,0
2021-01-06,3294,0.00030358227079538557,5.274171820909954e-05,0.0016905815113938756
2021-01-07,3557,0.0008434073657576609,0.0002795596551860026,0.0024139342280737426
2021-01-08,4281,0.000233590282644242,3.9802690440570435e-05,0.0012762163357846498
2021-01-09,3946,0.00025342118601115053,4.275255427112708e-05,0.00137070592427303
2021-01-10,2771,0,0,0
2021-01-11,5078,0.00019692792437967703,3.32249424752607e-05,0.001065472449600516
2021-01-12,5351,0,0,0
2021-01-13,4296,0,0,0
2021-01-14,4631,0,0,0
2021-01-15,5036,0.0005957108816521049,0.000195656869818988,0.00169012559960871
2021-01-16,3673,0.0005445140212360468,0.00014269126868078863,0.0018952304586585076
2021-01-17,3273,0.00030553009471432935,5.181286060332428e-05,0.0016608436286338188
2021-01-18,5392,0.000185459940652819,3.0625225218169424e-05,0.0009821626432974986
2021-01-19,5329,0.0013135672734096453,0.0005824328894084235,0.0024795346780641507
2021-01-20,4893,0.0004087471898630697,0.000106586466443418,0.0014161011439871628
2021-01-21,4735,0.0008447729672650475,0.00031762232744918765,0.002098122808011738
2021-01-22,4753,0.00042078687144961075,0.00011386676996401598,0.001512737182341739
2021-01-23,3219,0.0006213109661385523,0.0001651150641463717,0.0021926640916618907
2021-01-24,2771,0,0,0
2021-01-25,7203,0.0006941552131056504,0.0002789485178891152,0.0015278503591428805
2021-01-26,5868,0.0006816632583503749,0.0002541115121645863,0.0016789453269152879
2021-01-27,5713,0.000875196919306844,0.00036068539257637106,0.001975117845903713
2021-01-28,5614,0.0010687566797292483,0.00046837445518511375,0.002227681885067489
2021-01-29,6330,0.0014218009478672985,0.0007209743510929847,0.0026020328548010388
2021-01-30,4193,0.003100405437634152,0.0017668652059585537,0.005163626617056951
2021-01-31,3394,0.0017678255745433118,0.0007812026480488219,0.0037130702293479943
2021-02-01,5550,0.00018018018018018018,2.9148549488819476e-05,0.0009348370437979754
2021-02-02,5048,0.000792393026941363,0.00027909719832433717,0.00184387452607888
2021-02-03,4286,0.003733084461035931,0.0022079565081619726,0.005815968047389762
2021-02-04,4574,0.0017490161783996502,0.00086828759060133,0.0033769568353116063
2021-02-05,4389,0.002506265664160401,0.0013552565552575916,0.0043394331844636
2021-02-06,3429,0.0058326042578011085,0.003603288073245092,0.008575470014332984
2021-02-07,3116,0.0025673940949935813,0.001258275241920092,0.004890647593337765
2021-02-08,6925,0.002743682310469314,0.001665098680718623,0.004057344759522206
2021-02-09,6441,0.0035708740878745535,0.0021225419666015388,0.004773237265749098
2021-02-10,6244,0.003683536194746957,0.002107945877102749,0.004740458188190456
2021-02-11,5777,0.0019041024753332178,0.0009178325582359244,0.00294036558129607
2021-02-12,5473,0.002740727206285401,0.0014698218018209456,0.003996575529359356
2021-02-13,4130,0.008232445520581114,0.005370130501818871,0.010458049093609176
2021-02-14,4151,0.003854492893278728,0.002268474211177618,0.005975064375876704
2021-02-15,7350,0.004761904761904762,0.003117121042810914,0.006019608387768374
2021-02-16,6948,0.0057570523891767415,0.0038173938094105612,0.007065695998666491
2021-02-17,5463,0.009335529928610654,0.006460326866235432,0.011139338545637072
2021-02-18,5151,0.0038827412152980002,0.0023795049122142414,0.005668012475222279
2021-02-19,5385,0.004642525533890436,0.00286646617863923,0.006236330420343234
2021-02-20,4387,0.005698655117392295,0.0035803955848278655,0.007786165627605331
2021-02-21,4764,0.0025188916876574307,0.001365528788331288,0.004166455369485242
2021-02-22,7947,0.004781678620863219,0.003241011309986739,0.006096268426314305
2021-02-23,6192,0.00516795865633075,0.0034030604855896066,0.006769860700602611
2021-02-24,6566,0.007767286018885166,0.005392542211785927,0.009301880611562013
2021-02-25,6841,0.00380061394532963,0.0023969547264952296,0.00513918477748553
2021-02-26,5752,0.010083449235048678,0.006945665313426236,0.011577446597072471
2021-02-27,3759,0.011439212556530992,0.007588171810625718,0.013722306268057316
2021-02-28,3674,0.010887316276537834,0.0073377811985424835,0.013560750787366429
2021-03-01,6956,0.010638297872340425,0.007491275704448961,0.011778350223056996
2021-03-02,6632,0.006483715319662244,0.004317011197431065,0.007817446136178014
2021-03-03,7200,0.013472222222222222,0.010202806274441662,0.015142519718337896
2021-03-04,6060,0.01023102310231023,0.0073676439727496075,0.012076413812612093
2021-03-05,6030,0.007462686567164179,0.005109767878241289,0.009128413782807886
2021-03-06,3869,0.013181700697854742,0.009359501953734313,0.016120911165533405
2021-03-07,3593,0.012524352908433064,0.008645779319060527,0.015423318538108126
2021-03-08,8298,0.0091588334538443,0.006705492202556617,0.010482587933309
2021-03-09,7487,0.013890743956190731,0.010473773525805617,0.015335886348722178
2021-03-10,7962,0.009294147199196181,0.006818860449825864,0.010723235052476302
2021-03-11,7560,0.008862433862433862,0.006546501220520556,0.010534577545635153
2021-03-12,7895,0.014312856238125397,0.010711531080626025,0.015442968563518674
2021-03-13,5430,0.013996316758747698,0.01032023886971893,0.01611670559372518
2021-03-14,4655,0.00816326530612245,0.005615253321362975,0.010550804727552788
2021-03-15,9937,0.012881151252893228,0.010028510812075375,0.014145405752105832
2021-03-16,9201,0.010977067710031518,0.008468863490523355,0.012475877824802688
2021-03-17,7780,0.013239074550128535,0.010098484557977697,0.014814912839879108
2021-03-18,8193,0.011229098010496765,0.008326338812016738,0.012494421330790468
2021-03-19,7120,0.013904494382022473,0.010414220165451618,0.015393948612701363
2021-03-20,6117,0.01716527709661599,0.013139800252441677,0.019192634198362226
2021-03-21,5752,0.016863699582753824,0.0132137689231927,0.019596645201118628
2021-03-22,10414,0.013731515267908584,0.01096986211476252,0.015187140255887738
2021-03-23,8702,0.016547920018386578,0.013151535611113657,0.018179281651522345
2021-03-24,8586,0.021080829256929886,0.01716265919189335,0.02289514713204421
2021-03-25,9355,0.015072153928380546,0.011987807809516813,0.016631148262033227
2021-03-26,7482,0.01537022186581128,0.01197794410548239,0.017209053300956602
2021-03-27,5623,0.017072736973146006,0.012984162607803018,0.019296488991869535
2021-03-28,4803,0.020820320632937747,0.0161611363920651,0.023809046211253404
2021-03-29,10864,0.014819587628865979,0.01187887255594253,0.01613884352369866
2021-03-30,9513,0.013455271733417429,0.010544145671194336,0.014871115066022091
2021-03-31,8938,0.019803087939136273,0.015907790676958033,0.021294360567532776
2021-04-01,9812,0.016204647370566653,0.013045159767130634,0.017753546310863885
2021-04-02,6908,0.017371163867979156,0.013797642343068815,0.019665634805703026
2021-04-03,5798,0.02362883753018282,0.01849572212293015,0.02574768681910431
2021-04-04,4215,0.01376037959667853,0.010155776692870386,0.016909690147677837
2021-04-05,8346,0.02144739995207285,0.01778627052115807,0.02376249297914488
2021-04-06,8567,0.020193766779502742,0.016281308532777292,0.021865855627161968
2021-04-07,8786,0.016617345777373095,0.013207240590652598,0.018215656635786132
2021-04-08,8491,0.017194676716523378,0.013713422568051057,0.01891193780436656
2021-04-09,8340,0.01858513189448441,0.014949218264036397,0.020417831785628678
2021-04-10,6352,0.022827455919395466,0.018282475948657558,0.02521841088190854
2021-04-11,5067,0.02170909808565226,0.017413952682531087,0.025191366823104553
2021-04-12,9932,0.018123238018525976,0.014752033977117563,0.019703179820786378
2021-04-13,10377,0.018887925219234845,0.015442947505854787,0.020377093566854097
2021-04-14,9149,0.02240682041753197,0.017865414563026167,0.023420313655185102
2021-04-15,8329,0.02077080081642454,0.016352750538847778,0.021961527084805223
2021-04-16,8562,0.01751927119831815,0.013900444404312755,0.019086942980570735
2021-04-17,5511,0.02558519324986391,0.02043161259707623,0.02829824059227685
2021-04-18,3792,0.028481012658227847,0.022611028077411832,0.03278085251565592
2021-04-19,9001,0.01966448172425286,0.015034258839696163,0.020128084652021348
2021-04-20,8684,0.01738830032243206,0.013541191969553133,0.01857544010799817
2021-04-21,7904,0.020495951417004048,0.016521413289373225,0.022406129589134485
2021-04-22,8033,0.01854848748910743,0.014320413984598693,0.019682851320935203
2021-04-23,7461,0.01796005897332797,0.014044832039477873,0.019641281452514342
2021-04-24,4836,0.025227460711331678,0.019742757722027122,0.028021583359419653
2021-04-25,3719,0.018284485076633505,0.013777458682656592,0.022044076699311778
2021-04-26,8747,0.022064707899851377,0.01747694789935931,0.023102632386423693
2021-04-27,8878,0.01835999098896148,0.01472097952293999,0.0199523193575964
2021-04-28,7308,0.021209633278598795,0.01649449938283506,0.02252188303822106
2021-04-29,8070,0.0161090458488228,0.012796101069023189,0.01799111908216374
2021-04-30,7562,0.01957154192012695,0.015718775834860095,0.02162213509917378
2021-05-01,4321,0.01920851654709558,0.014636978718297628,0.022399102074375187
2021-05-02,3391,0.0238867590681215,0.018469339340581568,0.02838066660318721
2021-05-03,8633,0.017606857407621915,0.013730484867696416,0.018814895742123715
2021-05-04,8158,0.018386859524393232,0.014959359614563385,0.020536811249159136
2021-05-05,7373,0.0160043401600434,0.012807622755852992,0.018312985717532527
2021-05-06,6968,0.01750861079219288,0.013816629412126745,0.019635509718503343
2021-05-07,6610,0.01573373676248109,0.012484524028727653,0.01827135165807676
2021-05-08,3964,0.01160443995963673,0.008459387198691387,0.014997616127135047
2021-05-09,2911,0.02026794915836482,0.015221609904156285,0.025192320963720816
2021-05-10,8363,0.01602295826856391,0.012737325499330468,0.017817517693561713
2021-05-11,6973,0.016779004732539796,0.013531701906355123,0.01937460860271856
2021-05-12,6318,0.019626464070908515,0.015764375138611487,0.022330865261642546
2021-05-13,4775,0.01905759162303665,0.014829811179956404,0.022265493390152158
2021-05-14,4739,0.014982063726524584,0.011032730682222137,0.017491837729989183
2021-05-15,3828,0.008620689655172414,0.005967128427610763,0.011732923191288486
2021-05-16,2423,0.014857614527445316,0.010444629224854665,0.019918224848838397
2021-05-17,7783,0.013876397276114609,0.010889260124853826,0.015829970833603126
2021-05-18,6031,0.01243574863206765,0.009307205117432646,0.014581829668764574
2021-05-19,5717,0.011019765611334616,0.008094354987337833,0.013212664217099648
2021-05-20,5222,0.008617387973956338,0.006070826099281377,0.010841100166553997
2021-05-21,4334,0.010844485463774804,0.007639341817107219,0.013466124771742584
2021-05-22,3116,0.007702182284980745,0.004990535244638241,0.011015681298955618
2021-05-23,2272,0.006161971830985915,0.003599567171905831,0.01010847043169142
2021-05-24,6832,0.007464871194379391,0.005628847629036259,0.009708643960395382
2021-05-25,5385,0.007428040854224698,0.005214657071131644,0.009646022463011958
2021-05-26,5619,0.0058729311265349705,0.003949348252704909,0.007773286333619103
2021-05-27,5159,0.005815080441946114,0.003991979887973848,0.008117943900328137
2021-05-28,5113,0.005085077254058283,0.0033806450461590387,0.007244028269718671
2021-05-29,4193,0.001669449081803005,0.0007913562608212042,0.00336767842241745
2021-05-30,3257,0.002456248081056187,0.0012330153676770022,0.004792661664585953
2021-05-31,7515,0.0003992015968063872,0.00012633924511197675,0.0010917044353482936
2021-06-01,7212,0.003882418191902385,0.002606547883772818,0.005436849169196697
2021-06-02,6444,0.0037243947858473,0.002461687199906425,0.0054423914715467795
2021-06-03,5785,0.00414866032843561,0.002750984752405195,0.006080871970951701
2021-06-04,5919,0.0028721067747930393,0.0017410481461467577,0.004459604349897052
2021-06-05,5031,0.0027827469687934803,0.0016250906761889465,0.004572375590579574
2021-06-06,4104,0.001705653021442495,0.0008161169677056647,0.003472892498424007
2021-06-07,9275,0.001940700808625337,0.0011903551073776896,0.002972020500676669
2021-06-08,6286,0.0033407572383073497,0.0021315325515142937,0.004974765020573046
2021-06-09,5006,0.0031961646024770275,0.0019241249038173811,0.00506957417948697
2021-06-10,3980,0.005778894472361809,0.0037474321361505394,0.00841842753487018
2021-06-11,3688,0.004880694143167028,0.0029335199934114823,0.007314222610093763
2021-06-12,2145,0.004662004662004662,0.0024719899628456803,0.008351121422012858
2021-06-13,1939,0.005157297576070139,0.002735949313677619,0.00923968953172324
2021-06-14,5042,0.004561681872272907,0.0029412658275087245,0.00661088309169189
2021-06-15,5680,0.004225352112676056,0.0027977504862860972,0.006184062181615254
2021-06-16,5247,0.0041928721174004195,0.0027351272250466323,0.006259613283864179
2021-06-17,4705,0.0017003188097768332,0.0008507930786208898,0.0033090096284543297
2021-06-18,5777,0.0013848018002423402,0.0006946500679559123,0.00270239463190378
2021-06-19,3286,0.0018259281801582471,0.0008307656864469369,0.003948225864763232
2021-06-20,3248,0.0006157635467980296,0.00016768971187768815,0.002226807780764399
2021-06-21,6121,0.001960463976474432,0.0010988550884814974,0.003353776495852895
2021-06-22,7203,0.0011106483409690406,0.0005584699195082202,0.002173087442645712
2021-06-23,6010,0.0024958402662229617,0.0014934866677112986,0.004060834652573804
2021-06-24,5946,0.0016818028927009755,0.0009001615235367956,0.0030472267655865474
2021-06-25,5349,0.0007478033277248083,0.0002866579988777553,0.0018937775343552525
2021-06-26,6226,0.0011243173787343398,0.0005418531549303285,0.0023069495355289033
2021-06-27,5306,0.0003769317753486619,0.00010261790765616091,0.0013634191497882023
2021-06-28,7865,0.0012714558169103624,0.0006815131900996186,0.0023077136771942354
2021-06-29,9683,0.0020654755757513166,0.0013228899252040157,0.003153555762870008
2021-06-30,7880,0.00038071065989847715,0.00012855195355725542,0.00111081290167421
2021-07-01,8163,0.0003675119441381845,0.00012414097078968243,0.0010727202213315424
2021-07-02,7068,0.0011318619128466328,0.0005684948018424256,0.0022120601925397364
2021-07-03,4898,0.0006124948958758677,0.00020559249829696312,0.0017758679130839834
2021-07-04,6463,0,0,0
2021-07-05,9162,0.0003274394237066143,0.00011060247545411787,0.0009557935498065173
2021-07-06,8596,0.0006979990693345743,0.00031705558919459384,0.0015084674763566374
2021-07-07,9364,0.00042716787697565144,0.00016477168904124813,0.001088992058568876
2021-07-08,8230,0.0010935601458080195,0.0005713427898543006,0.0020624468149055444
2021-07-09,7891,0,0,0
2021-07-10,5983,0,0,0
2021-07-11,6212,0,0,0
2021-07-12,9746,0.0005130309870716191,0.0002170143968392438,0.001188817685610671
2021-07-13,9523,0.00021001785151737897,5.696110212025397e-05,0.000757087371385217
2021-07-14,10621,0.00028245927878730817,9.537298407504722e-05,0.0008242444395280081
2021-07-15,9683,0.00041309511515026334,0.00015894610486288696,0.0010505107001578377
2021-07-16,10923,9.154994049253868e-05,1.6062056305448764e-05,0.000515289968995698
2021-07-17,7687,0.00039026928580720695,0.00013211428789592473,0.0011415755985383978
2021-07-18,7463,0.00013399437223636607,2.3583557530465006e-05,0.0007564569763753396
2021-07-19,13856,0.0001443418013856813,3.9328333837549645e-05,0.0005227999128373087
2021-07-20,14829,0,0,0
2021-07-21,13405,0,0,0
2021-07-22,13675,7.312614259597807e-05,1.2410992596045689e-05,0.0003981931431806541
2021-07-23,13132,0,0,0
2021-07-24,10923,9.154994049253868e-05,1.5600701881978905e-05,0.000500494514080757
2021-07-25,11343,0,0,0
2021-07-26,16352,6.11545988258317e-05,1.0435785022161531e-05,0.0003348360803991685
2021-07-27,16045,6.232471174820816e-05,1.0546771665329856e-05,0.00033839625877347436
2021-07-28,15187,6.58457891617831e-05,1.137453570691761e-05,0.00036494831487219286
2021-07-29,17204,0,0,0
2021-07-30,16207,0,0,0
2021-07-31,12485,0,0,0
2021-08-01,11450,0,0,0
2021-08-02,18364,0,0,0
2021-08-03,19589,0,0,0
2021-08-04,18285,5.468963631391851e-05,9.182809594797661e-06,0.0002946424427024907
2021-08-05,17594,0,0,0
2021-08-06,16436,0,0,0
2021-08-07,12724,0,0,0
2021-08-08,10296,0.00019425019425019425,5.213659173845145e-05,0.0006929905489057026
2021-08-09,18508,5.403068943159715e-05,9.252602865288112e-06,0.00029688137112179284
2021-08-10,19013,0,0,0
2021-08-11,15741,0,0,0
2021-08-12,16469,0.00012144028174145364,3.246734152027922e-05,0.00043161939052318156
2021-08-13,13086,0,0,0
2021-08-14,11078,9.026900162484202e-05,1.5651884032484548e-05,0.0005021359211074139
2021-08-15,11253,8.88651915044877e-05,1.5476234123801562e-05,0.0004965028278817569
2021-08-16,19426,5.147740142077628e-05,8.82561395471218e-06,0.00028318369643142956
2021-08-17,19421,0,0,0
2021-08-18,18478,0,0,0
2021-08-19,15944,0,0,0
2021-08-20,15923,0.00012560447151918608,3.3467849210569666e-05,0.0004449164709502595
2021-08-21,11633,0,0,0
2021-08-22,10377,0,0,0
2021-08-23,19238,0,0,0
2021-08-24,20711,0,0,0
2021-08-25,18569,0,0,0
2021-08-26,18781,0,0,0
2021-08-27,18252,0,0,0
2021-08-28,12512,0,0,0
2021-08-29,9730,0,0,0
2021-08-30,20770,4.814636494944632e-05,8.26873880010503e-06,0.0002653189034012122
2021-08-31,24443,4.0911508407314974e-05,7.033545176437413e-06,0.00022569171930234406
2021-09-01,20188,0,0,0
2021-09-02,20905,4.783544606553456e-05,8.254046296144257e-06,0.00026484755535386513
2021-09-03,17914,0,0,0
2021-09-04,13272,0,0,0
2021-09-05,10134,0,0,0
2021-09-06,15927,0,0,0
2021-09-07,24964,0,0,0
2021-09-08,22903,4.366240230537484e-05,7.55848883066105e-06,0.00024253311209876727
2021-09-09,21533,4.6440347373798355e-05,8.005850760763493e-06,0.0002568851826015765
2021-09-10,20612,0,0,0
2021-09-11,13173,0,0,0
2021-09-12,11624,0,0,0
2021-09-13,22391,0,0,0
2021-09-14,20238,0,0,0
2021-09-15,17426,0.0001147710317915758,3.0939827557070874e-05,0.00041131780334974406
2021-09-16,18914,0,0,0
2021-09-17,19169,0,0,0
2021-09-18,11750,0,0,0
2021-09-19,11232,0,0,0
2021-09-20,22463,0,0,0
2021-09-21,20640,0,0,0
2021-09-22,15069,0,0,0
2021-09-23,16494,0,0,0
2021-09-24,18247,0,0,0
2021-09-25,10127,0,0,0
2021-09-26,9883,0,0,0
2021-09-27,20267,4.934129372872157e-05,8.563579892937283e-06,0.0002747775891055188
2021-09-28,18756,0,0,0
2021-09-29,18790,5.321979776476849e-05,9.18233191748734e-06,0.0002946271190611394
2021-09-30,16600,0,0,0
2021-10-01,14630,0,0,0
2021-10-02,10259,0,0,0
2021-10-03,10580,0,0,0
2021-10-04,19591,0,0,0
2021-10-05,18713,0,0,0
2021-10-06,16665,0,0,0
2021-10-07,17567,5.692491603574885e-05,9.768204369881655e-06,0.00031342134988878475
2021-10-08,15579,0,0,0
2021-10-09,12361,0,0,0
2021-10-10,11210,0,0,0
2021-10-11,18142,0,0,0
2021-10-12,18840,0,0,0
2021-10-13,16035,0,0,0
2021-10-14,16454,0,0,0
2021-10-15,15379,0,0,0
2021-10-16,10634,0,0,0
2021-10-17,9885,0,0,0
2021-10-18,19763,0,0,0
2021-10-19,19142,5.224114512590116e-05,9.11453195667298e-06,0.00029245212790388774
2021-10-20,16757,0,0,0
2021-10-21,16395,0,0,0
2021-10-22,16684,0,0,0
2021-10-23,14512,0,0,0
2021-10-24,11625,0,0,0
2021-10-25,20962,0,0,0
2021-10-26,19108,0,0,0
2021-10-27,18922,0,0,0
2021-10-28,17873,0,0,0
2021-10-29,16480,0,0,0
2021-10-30,13593,0,0,0
2021-10-31,13845,0,0,0
2021-11-01,19651,0,0,0
2021-11-02,20429,0,0,0
2021-11-03,22443,0,0,0
2021-11-04,20540,0,0,0
2021-11-05,19779,0,0,0
2021-11-06,13856,0,0,0
2021-11-07,13811,0,0,0
2021-11-08,25671,0,0,0
2021-11-09,22877,0,0,0
2021-11-10,23514,0,0,0
2021-11-11,20446,0,0,0
2021-11-12,18636,0,0,0
2021-11-13,15910,0,0,0
2021-11-14,12588,0,0,0
2021-11-15,24868,0,0,0
2021-11-16,24322,0,0,0
2021-11-17,21611,0,0,0
2021-11-18,21093,4.7409093064049684e-05,8.338263792851004e-06,0.0002675493200643929
2021-11-19,17675,5.6577086280056576e-05,9.942618154641583e-06,0.00031901627964293764
2021-11-20,16218,6.165988407941794e-05,1.0838840319825326e-05,0.0003477650149810144
2021-11-21,15201,0,0,0
2021-11-22,26907,0,0,0
2021-11-23,22606,0,0,0
2021-11-24,21061,0,0,0
2021-11-25,14484,0,0,0
2021-11-26,21141,0,0,0
2021-11-27,15013,0,0,0
2021-11-28,17154,0,0,0
2021-11-29,33826,5.9126116005439605e-05,1.613608998054356e-05,0.00021454098654028134
2021-11-30,26469,3.7780044580452605e-05,6.6152312850124206e-06,0.0002122709599459787
2021-12-01,24087,0,0,0
2021-12-02,22459,0,0,0
2021-12-03,20773,0,0,0
2021-12-04,18099,0,0,0
2021-12-05,16859,0,0,0
2021-12-06,32967,0,0,0
2021-12-07,26803,0,0,0
2021-12-08,24170,0,0,0
2021-12-09,21631,0,0,0
2021-12-10,20093,0,0,0
2021-12-11,14513,0,0,0
2021-12-12,14518,0,0,0
2021-12-13,27234,0,0,0
2021-12-14,26385,0,0,0
2021-12-15,27091,0,0,0
2021-12-16,24291,0,0,0
2021-12-17,21473,0,0,0
2021-12-18,20610,0,0,0
2021-12-19,16182,0,0,0
2021-12-20,29334,0,0,0
2021-12-21,28891,0,0,0
2021-12-22,29554,0,0,0
2021-12-23,24953,0,0,0
2021-12-24,11827,0,0,0
2021-12-25,7058,0,0,0
2021-12-26,18549,0,0,0
2021-12-27,33292,3.0037246185269735e-05,5.186292603725076e-06,0.00016642437670091705
2021-12-28,32373,0,0,0
2021-12-29,35790,2.794076557697681e-05,4.883815230428603e-06,0.00015671919456034132
2021-12-30,34255,0,0,0
2021-12-31,18269,5.473753352673928e-05,9.520586299236562e-06,0.00030547806000896376
2022-01-01,12342,0,0,0
2022-01-02,23691,4.2210121987252545e-05,7.354732010188993e-06,0.00023599617599996846
2022-01-03,40306,0,0,0
2022-01-04,40714,0,0,0
2022-01-05,32041,0,0,0
2022-01-06,30376,0,0,0
2022-01-07,25496,0,0,0
2022-01-08,17346,0,0,0
2022-01-09,15568,0,0,0
2022-01-10,32727,0,0,0
2022-01-11,32947,0,0,0
2022-01-12,28542,0,0,0
2022-01-13,27437,0,0,0
2022-01-14,26817,0,0,0
2022-01-15,18738,0,0,0
2022-01-16,16947,0,0,0
2022-01-17,30888,0,0,0
2022-01-18,34715,0,0,0
2022-01-19,32361,6.180278730570749e-05,1.6682864985061165e-05,0.0002218097681424658
2022-01-20,27678,0,0,0
2022-01-21,26154,0,0,0
2022-01-22,17723,0,0,0
2022-01-23,17706,5.6478030046311986e-05,9.873656684030558e-06,0.00031680410563324663
2022-01-24,31647,3.1598571744557146e-05,5.433746402569892e-06,0.0001743639907461394
2022-01-25,29454,0,0,0
2022-01-26,26668,0,0,0
2022-01-27,24600,0,0,0
2022-01-28,21446,0,0,0
2022-01-29,18028,0,0,0
2022-01-30,20941,0,0,0
2022-01-31,31550,0,0,0
2022-02-01,25041,3.993450740785112e-05,6.447071250280029e-06,0.00020687581037199753
2022-02-02,27659,3.61545970570158e-05,6.200455947266219e-06,0.0001989634712106048
2022-02-03,28367,0,0,0
2022-02-04,24523,4.077804510051788e-05,6.917504073824905e-06,0.00022196880011826755
2022-02-05,19702,0,0,0
2022-02-06,19921,0,0,0
2022-02-07,32540,0,0,0
2022-02-08,30448,3.284287966368891e-05,5.679559717011244e-06,0.00018225087935716032
2022-02-09,27109,3.6888118337083625e-05,6.414040432819495e-06,0.00020581606373606335
2022-02-10,24388,0,0,0
2022-02-11,24272,0,0,0
2022-02-12,19122,0,0,0
2022-02-13,16930,0,0,0
2022-02-14,31794,0,0,0
2022-02-15,27851,0,0,0
2022-02-16,23152,4.319281271596406e-05,7.441233187083791e-06,0.00023877131844691175
2022-02-17,25904,0,0,0
2022-02-18,21416,0,0,0
2022-02-19,17924,0,0,0
2022-02-20,15475,0,0,0
2022-02-21,27201,3.6763354288445275e-05,6.411244920867074e-06,0.0002057263736504654
2022-02-22,25250,7.920792079207921e-05,2.1375242025500316e-05,0.0002841871786224142
2022-02-23,21062,0,0,0
2022-02-24,17607,0,0,0
2022-02-25,16062,0,0,0
2022-02-26,12371,0,0,0
2022-02-27,10148,0,0,0
2022-02-28,17044,0,0,0
2022-03-01,18387,0,0,0
2022-03-02,21495,0,0,0
2022-03-03,20487,0,0,0
2022-03-04,18573,0,0,0
2022-03-05,15707,0,0,0
2022-03-06,16067,0,0,0
2022-03-07,25905,0,0,0
2022-03-08,20261,0,0,0
2022-03-09,25480,0,0,0
2022-03-10,17968,0,0,0
2022-03-11,16151,0,0,0
2022-03-12,13902,0,0,0
2022-03-13,18019,0,0,0
2022-03-14,26809,3.730090641202581e-05,6.551396367365755e-06,0.00021022292221108393
2022-03-15,20417,0,0,0
2022-03-16,22353,0,0,0
2022-03-17,22074,0,0,0
2022-03-18,17784,0,0,0
2022-03-19,17223,0,0,0
2022-03-20,14514,0,0,0
2022-03-21,22710,0,0,0
2022-03-22,19953,0,0,0
2022-03-23,18801,0,0,0
2022-03-24,18718,0,0,0
2022-03-25,17222,0,0,0
2022-03-26,14493,0,0,0
2022-03-27,12990,0,0,0
2022-03-28,28888,0,0,0
2022-03-29,17504,0,0,0
2022-03-30,13372,0,0,0
2022-03-31,10613,0,0,0
2022-04-01,9811,0,0,0
2022-04-02,8066,0,0,0
2022-04-03,7327,0,0,0
2022-04-04,16264,0,0,0
2022-04-05,12326,0,0,0
2022-04-06,12459,0,0,0
2022-04-07,13181,0,0,0
2022-04-08,10218,0,0,0
2022-04-09,7924,0,0,0
2022-04-10,7770,0,0,0
2022-04-11,15235,0,0,0
2022-04-12,12604,0,0,0
2022-04-13,10879,0,0,0
2022-04-14,9614,0,0,0
2022-04-15,8841,0.00011310937676733401,1.9907801280750895e-05,0.000638609198955168
2022-04-16,7836,0,0,0
2022-04-17,5554,0,0,0
2022-04-18,11130,0,0,0
2022-04-19,14030,0,0,0
2022-04-20,11835,0,0,0
2022-04-21,10758,0,0,0
2022-04-22,10012,0,0,0
2022-04-23,7421,0,0,0
2022-04-24,6880,0,0,0
2022-04-25,12128,8.245382585751979e-05,1.4499901904571375e-05,0.0004651910147517924
2022-04-26,10672,0,0,0
2022-04-27,9183,0,0,0
2022-04-28,7851,0,0,0
2022-04-29,7991,0,0,0
2022-04-30,5662,0,0,0
2022-05-01,4271,0,0,0
2022-05-02,9000,0.00011111111111111112,1.9449362859640494e-05,0.0006239098781209509
2022-05-03,9291,0,0,0
2022-05-04,8372,0,0,0
2022-05-05,8558,0,0,0
2022-05-06,8138,0,0,0
2022-05-07,5702,0,0,0
2022-05-08,4876,0,0,0
2022-05-09,10960,9.124087591240875e-05,1.5990759125628373e-05,0.0005130035171302222
2022-05-10,9173,0,0,0
2022-05-11,8245,0,0,0
2022-05-12,8385,0,0,0
2022-05-13,7760,0,0,0
2022-05-14,5705,0,0,0
2022-05-15,4538,0,0,0
2022-05-16,9753,0,0,0
2022-05-17,8622,0,0,0
2022-05-18,8108,0,0,0
2022-05-19,7083,0,0,0
2022-05-20,6774,0,0,0
2022-05-21,5004,0,0,0
2022-05-22,4999,0,0,0
2022-05-23,9134,0,0,0
2022-05-24,8767,0,0,0
2022-05-25,7870,0,0,0
2022-05-26,5710,0,0,0
2022-05-27,6714,0,0,0
2022-05-28,4497,0,0,0
2022-05-29,4602,0,0,0
2022-05-30,5292,0,0,0
2022-05-31,10510,0,0,0
2022-06-01,7842,0,0,0
2022-06-02,7412,0,0,0
2022-06-03,6606,0,0,0
2022-06-04,4859,0,0,0
2022-06-05,4853,0,0,0
2022-06-06,8790,0,0,0
2022-06-07,9453,0,0,0
2022-06-08,8584,0,0,0
2022-06-09,8072,0,0,0
2022-06-10,6981,0,0,0
2022-06-11,5205,0,0,0
2022-06-12,4601,0,0,0
2022-06-13,9748,0,0,0
2022-06-14,7838,0,0,0
2022-06-15,9507,0,0,0
2022-06-16,7422,0,0,0
2022-06-17,7547,0,0,0
2022-06-18,5119,0,0,0
2022-06-19,4059,0,0,0
2022-06-20,9602,0,0,0
2022-06-21,9493,0,0,0
2022-06-22,8789,0,0,0
2022-06-23,8586,0,0,0
2022-06-24,8102,0,0,0
2022-06-25,5579,0,0,0
2022-06-26,5577,0.00017930787161556393,2.9853492779424274e-05,0.0009574299930586955
2022-06-27,12010,0,0,0
2022-06-28,10082,0,0,0
2022-06-29,9596,0,0,0
2022-06-30,9239,0,0,0
2022-07-01,8774,0,0,0
2022-07-02,5981,0,0,0
2022-07-03,5489,0,0,0
2022-07-04,7011,0,0,0
2022-07-05,12901,0,0,0
2022-07-06,10427,0,0,0
2022-07-07,8631,0,0,0
2022-07-08,9172,0,0,0
2022-07-09,5662,0.00017661603673613564,3.0492966283646483e-05,0.0009779240427365897
2022-07-10,6422,0,0,0
2022-07-11,11650,0,0,0
2022-07-12,10009,0,0,0
2022-07-13,9088,0,0,0
2022-07-14,8945,0,0,0
2022-07-15,8118,0,0,0
2022-07-16,6452,0,0,0
2022-07-17,5598,0,0,0
2022-07-18,11071,0,0,0
2022-07-19,9523,0,0,0
2022-07-20,8079,0,0,0
2022-07-21,7977,0,0,0
2022-07-22,8085,0,0,0
2022-07-23,5253,0,0,0
2022-07-24,5433,0,0,0
2022-07-25,10795,9.263547938860583e-05,1.590718028848252e-05,0.0005103231912898309
2022-07-26,7808,0.00012807377049180329,2.194737361134676e-05,0.0007040020473391043
2022-07-27,7357,0,0,0
2022-07-28,6489,0,0,0
2022-07-29,6603,0,0,0
2022-07-30,5036,0,0,0
2022-07-31,4866,0,0,0
2022-08-01,9591,0,0,0
2022-08-02,7849,0,0,0
2022-08-03,6428,0,0,0
2022-08-04,5659,0,0,0
2022-08-05,5469,0,0,0
2022-08-06,3505,0,0,0
2022-08-07,3454,0,0,0
2022-08-08,7701,0,0,0
2022-08-09,5902,0,0,0
2022-08-10,5649,0,0,0
2022-08-11,6108,0,0,0
2022-08-12,5995,0,0,0
2022-08-13,4274,0,0,0
2022-08-14,4058,0,0,0
2022-08-15,7397,0,0,0
2022-08-16,5910,0,0,0
2022-08-17,5778,0,0,0
2022-08-18,5556,0,0,0
2022-08-19,5133,0,0,0
2022-08-20,3668,0,0,0
2022-08-21,3774,0,0,0
2022-08-22,7709,0,0,0
2022-08-23,5222,0,0,0
2022-08-24,4601,0,0,0
2022-08-25,4494,0,0,0
2022-08-26,5106,0,0,0
2022-08-27,4496,0,0,0
2022-08-28,3791,0,0,0
2022-08-29,7019,0,0,0
2022-08-30,5259,0,0,0
2022-08-31,4665,0,0,0
2022-09-01,4112,0,0,0
2022-09-02,3824,0,0,0
2022-09-03,3458,0,0,0
2022-09-04,3624,0,0,0
2022-09-05,4082,0,0,0
2022-09-06,7284,0,0,0
2022-09-07,4944,0,0,0
2022-09-08,4145,0,0,0
2022-09-09,3793,0,0,0
2022-09-10,3759,0,0,0
2022-09-11,3156,0,0,0
2022-09-12,6981,0,0,0
2022-09-13,6169,0,0,0
2022-09-14,4881,0,0,0
2022-09-15,4755,0,0,0
2022-09-16,4970,0,0,0
2022-09-17,3271,0,0,0
2022-09-18,2960,0,0,0
2022-09-19,6340,0,0,0
2022-09-20,5284,0,0,0
2022-09-21,5200,0,0,0
2022-09-22,4593,0,0,0
2022-09-23,4341,0,0,0
2022-09-24,3022,0,0,0
2022-09-25,2764,0,0,0
2022-09-26,6373,0,0,0
2022-09-27,4834,0,0,0
2022-09-28,4421,0,0,0
2022-09-29,4194,0,0,0
2022-09-30,3713,0,0,0
2022-10-01,3377,0,0,0
2022-10-02,3049,0,0,0
2022-10-03,5703,0,0,0
2022-10-04,5531,0,0,0
2022-10-05,4870,0,0,0
2022-10-06,4305,0,0,0
2022-10-07,4522,0,0,0
2022-10-08,3066,0,0,0
2022-10-09,2772,0,0,0
2022-10-10,6397,0,0,0
2022-10-11,5211,0,0,0
2022-10-12,4505,0,0,0
2022-10-13,4546,0,0,0
2022-10-14,4685,0,0,0
2022-10-15,3061,0,0,0
2022-10-16,2620,0,0,0
2022-10-17,6417,0,0,0
2022-10-18,4375,0,0,0
2022-10-19,4347,0,0,0
2022-10-20,3886,0,0,0
2022-10-21,3718,0,0,0
2022-10-22,2349,0,0,0
2022-10-23,2573,0,0,0
2022-10-24,5560,0,0,0
2022-10-25,3646,0,0,0
2022-10-26,4559,0,0,0
2022-10-27,3970,0,0,0
2022-10-28,3724,0,0,0
2022-10-29,2588,0,0,0
2022-10-30,2409,0,0,0
2022-10-31,4639,0,0,0
2022-11-01,4279,0,0,0
2022-11-02,3656,0,0,0
2022-11-03,4090,0,0,0
2022-11-04,3769,0,0,0
2022-11-05,2345,0,0,0
2022-11-06,2552,0,0,0
2022-11-07,4947,0,0,0
2022-11-08,4273,0,0,0
2022-11-09,4042,0,0,0
2022-11-10,3756,0,0,0
2022-11-11,3379,0,0,0
2022-11-12,2490,0,0,0
2022-11-13,2274,0,0,0
2022-11-14,5213,0,0,0
2022-11-15,4144,0,0,0
2022-11-16,4191,0,0,0
2022-11-17,4319,0,0,0
2022-11-18,3480,0,0,0
2022-11-19,2339,0,0,0
2022-11-20,2354,0,0,0
2022-11-21,5374,0,0,0
2022-11-22,4596,0,0,0
2022-11-23,4320,0,0,0
2022-11-24,2714,0,0,0
2022-11-25,4270,0,0,0
2022-11-26,3433,0,0,0
2022-11-27,3717,0,0,0
2022-11-28,7121,0,0,0
2022-11-29,5487,0,0,0
2022-11-30,5169,0.0001934610176049526,3.350876128302265e-05,0.0010745670200530478
2022-12-01,4792,0,0,0
2022-12-02,4971,0,0,0
2022-12-03,2910,0,0,0
2022-12-04,2585,0,0,0
2022-12-05,6805,0.00014695077149155033,2.551650288264139e-05,0.0008184207521969893
2022-12-06,5523,0.0001810610175629187,3.125422731499554e-05,0.0010023203866656935
2022-12-07,5322,0,0,0
2022-12-08,5254,0,0,0
2022-12-09,4579,0,0,0
2022-12-10,3131,0,0,0
2022-12-11,3060,0,0,0
2022-12-12,6988,0.00014310246136233542,2.4740444436653333e-05,0.00079354357520037
2022-12-13,4955,0,0,0
2022-12-14,4919,0,0,0
2022-12-15,5102,0,0,0
2022-12-16,4960,0,0,0
2022-12-17,3397,0,0,0
2022-12-18,3456,0,0,0
2022-12-19,7645,0.00013080444735120994,2.2398525783318296e-05,0.0007184660719278138
2022-12-20,5230,0,0,0
2022-12-21,5095,0,0,0
2022-12-22,4642,0,0,0
2022-12-23,4439,0,0,0
2022-12-24,2084,0,0,0
2022-12-25,1298,0,0,0
2022-12-26,4172,0,0,0
2022-12-27,5244,0,0,0
2022-12-28,5635,0,0,0
2022-12-29,5004,0,0,0
2022-12-30,4557,0,0,0
2022-12-31,2685,0.00037243947858472997,6.494777006950805e-05,0.0020812461891968944
2023-01-01,1525,0,0,0
2023-01-02,5376,0,0,0
2023-01-03,5539,0,0,0
2023-01-04,4590,0,0,0
2023-01-05,3969,0,0,0
2023-01-06,3923,0,0,0
2023-01-07,2358,0,0,0
2023-01-08,2251,0,0,0
2023-01-09,5025,0,0,0
2023-01-10,3614,0,0,0
2023-01-11,3138,0,0,0
2023-01-12,2939,0,0,0
2023-01-13,2918,0,0,0
2023-01-14,1735,0,0,0
2023-01-15,1733,0,0,0
2023-01-16,3648,0,0,0
2023-01-17,3453,0,0,0
2023-01-18,2936,0,0,0
2023-01-19,2328,0,0,0
2023-01-20,2599,0,0,0
2023-01-21,1712,0,0,0
2023-01-22,1862,0,0,0
2023-01-23,4410,0,0,0
2023-01-24,3171,0,0,0
2023-01-25,3046,0,0,0
2023-01-26,2811,0,0,0
2023-01-27,2968,0,0,0
2023-01-28,1824,0,0,0
2023-01-29,1602,0,0,0
2023-01-30,4145,0,0,0
2023-01-31,3160,0,0,0
2023-02-01,2985,0,0,0
2023-02-02,2947,0.00033932813030200206,5.927714518884475e-05,0.001899780639771966
2023-02-03,2920,0,0,0
2023-02-04,1766,0,0,0
2023-02-05,1925,0,0,0
2023-02-06,4000,0,0,0
2023-02-07,3415,0,0,0
2023-02-08,3727,0,0,0
2023-02-09,3137,0,0,0
2023-02-10,2984,0,0,0
2023-02-11,1828,0,0,0
2023-02-12,1854,0,0,0
2023-02-13,3999,0,0,0
2023-02-14,3255,0,0,0
2023-02-15,3254,0,0,0
2023-02-16,3497,0,0,0
2023-02-17,2979,0,0,0
2023-02-18,1802,0,0,0
2023-02-19,1731,0,0,0
2023-02-20,3703,0,0,0
2023-02-21,3522,0,0,0
2023-02-22,2969,0,0,0
2023-02-23,3740,0,0,0
2023-02-24,2637,0,0,0
2023-02-25,1686,0.0005931198102016608,0.00010384285010393715,0.0033246448684727185
2023-02-26,1568,0,0,0
2023-02-27,3560,0,0,0
2023-02-28,3428,0,0,0
2023-03-01,3047,0,0,0
2023-03-02,3529,0.0005667327854916407,0.00015442255129746022,0.00205085003452301
2023-03-03,2551,0,0,0
2023-03-04,1615,0,0,0
2023-03-05,1534,0,0,0
2023-03-06,3295,0,0,0
2023-03-07,2932,0,0,0
2023-03-08,3317,0,0,0
2023-03-09,2381,0,0,0
2023-03-10,2337,0,0,0
2023-03-11,1308,0,0,0
2023-03-12,1296,0,0,0
2023-03-13,3117,0,0,0
2023-03-14,2833,0,0,0
2023-03-15,3191,0.0006267627702914447,0.00017018734965870314,0.002259928835777855
2023-03-16,2243,0,0,0
2023-03-17,1946,0,0,0
2023-03-18,1159,0,0,0
2023-03-19,1164,0,0,0
2023-03-20,2815,0,0,0
2023-03-21,2405,0,0,0
2023-03-22,2821,0,0,0
2023-03-23,2092,0,0,0
2023-03-24,1970,0,0,0
2023-03-25,1179,0,0,0
2023-03-26,1248,0,0,0
2023-03-27,2395,0,0,0
2023-03-28,1812,0,0,0
2023-03-29,2464,0,0,0
2023-03-30,1708,0,0,0
2023-03-31,1372,0,0,0
2023-04-01,995,0,0,0
2023-04-02,883,0,0,0
2023-04-03,1848,0,0,0
2023-04-04,1487,0,0,0
2023-04-05,1479,0,0,0
2023-04-06,1844,0,0,0
2023-04-07,1022,0,0,0
2023-04-08,796,0,0,0
2023-04-09,622,0,0,0
2023-04-10,1518,0,0,0
2023-04-11,1622,0,0,0
2023-04-12,2016,0,0,0
2023-04-13,1271,0,0,0
2023-04-14,1198,0,0,0
2023-04-15,740,0,0,0
2023-04-16,747,0,0,0
2023-04-17,1640,0,0,0
2023-04-18,1119,0,0,0
2023-04-19,1671,0,0,0
2023-04-20,1065,0,0,0
2023-04-21,1011,0,0,0
2023-04-22,631,0,0,0
2023-04-23,677,0,0,0
2023-04-24,1404,0,0,0
2023-04-25,1171,0,0,0
2023-04-26,1316,0,0,0
2023-04-27,972,0,0,0
2023-04-28,837,0,0,0
2023-04-29,567,0,0,0
2023-04-30,637,0,0,0
2023-05-01,1200,0,0,0
2023-05-02,1108,0,0,0
2023-05-03,1136,0,0,0
2023-05-04,959,0,0,0
2023-05-05,805,0,0,0
2023-05-06,463,0,0,0
2023-05-07,468,0,0,0
2023-05-08,969,0,0,0
2023-05-09,906,0,0,0
2023-05-10,987,0,0,0
2023-05-11,916,0,0,0
2023-05-12,587,0,0,0
2023-05-13,365,0,0,0
2023-05-14,440,0,0,0
2023-05-15,923,0,0,0
2023-05-16,774,0,0,0
2023-05-17,790,0,0,0
2023-05-18,651,0,0,0
2023-05-19,600,0,0,0
2023-05-20,420,0,0,0
2023-05-21,413,0,0,0
2023-05-22,925,0,0,0
2023-05-23,677,0,0,0
2023-05-24,597,0,0,0
2023-05-25,516,0,0,0
2023-05-26,529,0,0,0
2023-05-27,315,0,0,0
2023-05-28,347,0,0,0
2023-05-29,560,0,0,0
2023-05-30,622,0,0,0
2023-05-31,649,0,0,0
2023-06-01,498,0,0,0
2023-06-02,564,0,0,0
2023-06-03,282,0,0,0
2023-06-04,306,0,0,0
2023-06-05,630,0,0,0
2023-06-06,525,0,0,0
2023-06-07,446,0,0,0
2023-06-08,407,0,0,0
2023-06-09,373,0,0,0
2023-06-10,277,0,0,0
2023-06-11,258,0,0,0
2023-06-12,559,0,0,0
2023-06-13,403,0,0,0
2023-06-14,348,0,0,0
2023-06-15,304,0,0,0
2023-06-16,296,0,0,0
2023-06-17,181,0,0,0
2023-06-18,179,0,0,0
2023-06-19,398,0,0,0
2023-06-20,358,0,0,0
2023-06-21,397,0,0,0
2023-06-22,374,0,0,0
2023-06-23,320,0,0,0
2023-06-24,198,0,0,0
2023-06-25,200,0,0,0
2023-06-26,515,0,0,0
2023-06-27,397,0,0,0
2023-06-28,377,0,0,0
2023-06-29,372,0,0,0
2023-06-30,296,0,0,0
2023-07-01,162,0,0,0
2023-07-02,178,0,0,0
2023-07-03,498,0,0,0
2023-07-04,230,0,0,0
2023-07-05,438,0,0,0
2023-07-06,416,0,0,0
2023-07-07,410,0,0,0
2023-07-08,247,0,0,0
2023-07-09,220,0,0,0
2023-07-10,574,0,0,0
2023-07-11,487,0,0,0
2023-07-12,437,0,0,0
2023-07-13,403,0,0,0
2023-07-14,417,0,0,0
2023-07-15,231,0,0,0
2023-07-16,259,0,0,0
2023-07-17,619,0,0,0
2023-07-18,574,0,0,0
2023-07-19,498,0,0,0
2023-07-20,459,0,0,0
2023-07-21,436,0,0,0
2023-07-22,349,0,0,0
2023-07-23,296,0,0,0
2023-07-24,737,0,0,0
2023-07-25,709,0,0,0
2023-07-26,666,0,0,0
2023-07-27,603,0,0,0
2023-07-28,630,0,0,0
2023-07-29,419,0,0,0
2023-07-30,520,0,0,0
2023-07-31,953,0,0,0
2023-08-01,818,0,0,0
2023-08-02,799,0,0,0
2023-08-03,828,0,0,0
2023-08-04,688,0,0,0
2023-08-05,455,0,0,0
2023-08-06,418,0,0,0
2023-08-07,1189,0,0,0
2023-08-08,1054,0,0,0
2023-08-09,1038,0,0,0
2023-08-10,842,0,0,0
2023-08-11,796,0,0,0
2023-08-12,552,0,0,0
2023-08-13,510,0,0,0
2023-08-14,1217,0,0,0
2023-08-15,977,0,0,0
2023-08-16,1140,0,0,0
2023-08-17,1106,0,0,0
2023-08-18,1074,0,0,0
2023-08-19,646,0,0,0
2023-08-20,597,0,0,0
2023-08-21,1826,0,0,0
2023-08-22,1420,0,0,0
2023-08-23,1452,0,0,0
2023-08-24,1403,0,0,0
2023-08-25,1206,0,0,0
2023-08-26,768,0,0,0
2023-08-27,803,0,0,0
2023-08-28,1828,0,0,0
2023-08-29,1429,0,0,0
2023-08-30,1463,0,0,0
2023-08-31,1100,0,0,0
2023-09-01,1036,0,0,0
2023-09-02,606,0,0,0
2023-09-03,680,0,0,0
2023-09-04,1324,0,0,0
2023-09-05,1622,0,0,0
2023-09-06,1606,0,0,0
2023-09-07,1344,0,0,0
2023-09-08,1299,0,0,0
2023-09-09,856,0,0,0
2023-09-10,806,0,0,0
2023-09-11,1782,0,0,0
2023-09-12,1374,0,0,0
2023-09-13,1317,0.0007593014426727411,0.00012792450796924907,0.004093367871158536
2023-09-14,1114,0,0,0
2023-09-15,975,0,0,0
2023-09-16,658,0,0,0
2023-09-17,699,0,0,0
2023-09-18,1650,0,0,0
2023-09-19,1458,0,0,0
2023-09-20,1535,0,0,0
2023-09-21,1331,0,0,0
2023-09-22,1093,0,0,0
2023-09-23,742,0,0,0
2023-09-24,761,0,0,0
2023-09-25,1712,0,0,0
2023-09-26,1494,0,0,0
2023-09-27,1305,0,0,0
2023-09-28,1153,0,0,0
2023-09-29,1068,0,0,0
2023-09-30,695,0,0,0
2023-10-01,774,0,0,0
2023-10-02,1676,0,0,0
2023-10-03,1416,0,0,0
2023-10-04,1226,0,0,0
2023-10-05,1141,0,0,0
2023-10-06,1083,0,0,0
2023-10-07,661,0,0,0
2023-10-08,691,0,0,0
2023-10-09,1529,0,0,0
2023-10-10,1346,0,0,0
2023-10-11,1125,0,0,0
2023-10-12,970,0,0,0
2023-10-13,912,0,0,0
2023-10-14,517,0,0,0
2023-10-15,508,0,0,0
2023-10-16,1417,0,0,0
2023-10-17,1031,0,0,0
2023-10-18,998,0,0,0
2023-10-19,906,0,0,0
2023-10-20,818,0,0,0
2023-10-21,534,0,0,0
2023-10-22,502,0,0,0
2023-10-23,1685,0,0,0
2023-10-24,1098,0,0,0
2023-10-25,997,0,0,0
2023-10-26,893,0,0,0
2023-10-27,855,0,0,0
2023-10-28,475,0,0,0
2023-10-29,509,0,0,0
2023-10-30,1715,0,0,0
2023-10-31,891,0,0,0
2023-11-01,941,0,0,0
2023-11-02,857,0,0,0
2023-11-03,747,0,0,0
2023-11-04,560,0,0,0
2023-11-05,597,0,0,0
2023-11-06,1782,0,0,0
2023-11-07,1053,0,0,0
2023-11-08,1049,0,0,0
2023-11-09,973,0,0,0
2023-11-10,809,0,0,0
2023-11-11,554,0,0,0
2023-11-12,601,0,0,0
2023-11-13,1765,0,0,0
2023-11-14,1053,0,0,0
2023-11-15,966,0,0,0
2023-11-16,792,0,0,0
2023-11-17,785,0,0,0
2023-11-18,536,0,0,0
2023-11-19,603,0,0,0
2023-11-20,1987,0,0,0
2023-11-21,1021,0,0,0
2023-11-22,761,0,0,0
2023-11-23,471,0,0,0
2023-11-24,741,0,0,0
2023-11-25,588,0,0,0
2023-11-26,763,0,0,0
2023-11-27,2675,0,0,0
2023-11-28,1368,0,0,0
2023-11-29,1234,0,0,0
2023-11-30,1000,0,0,0
2023-12-01,1034,0,0,0
2023-12-02,683,0,0,0
2023-12-03,674,0,0,0
2023-12-04,3029,0,0,0
2023-12-05,1374,0,0,0
2023-12-06,1342,0,0,0
2023-12-07,1178,0,0,0
2023-12-08,1007,0,0,0
2023-12-09,656,0,0,0
2023-12-10,814,0,0,0
2023-12-11,2634,0,0,0
2023-12-12,1453,0,0,0
2023-12-13,1483,0,0,0
2023-12-14,1259,0,0,0
2023-12-15,1084,0,0,0
2023-12-16,714,0,0,0
2023-12-17,801,0,0,0
2023-12-18,2459,0,0,0
2023-12-19,1506,0,0,0
2023-12-20,1391,0,0,0
2023-12-21,1178,0,0,0
2023-12-22,1041,0,0,0
2023-12-23,678,0,0,0
2023-12-24,653,0,0,0
2023-12-25,1013,0,0,0
2023-12-26,1496,0,0,0
2023-12-27,1513,0,0,0
2023-12-28,1405,0,0,0
2023-12-29,1254,0,0,0
2023-12-30,713,0,0,0
2023-12-31,746,0,0,0
2024-01-01,1116,0,0,0
2024-01-02,1862,0,0,0
2024-01-03,1594,0,0,0
2024-01-04,1422,0,0,0
2024-01-05,1048,0,0,0
2024-01-06,682,0,0,0
2024-01-07,650,0,0,0
2024-01-08,1669,0,0,0
2024-01-09,1169,0,0,0
2024-01-10,1224,0,0,0
2024-01-11,1226,0,0,0
2024-01-12,894,0,0,0
2024-01-13,606,0,0,0
2024-01-14,619,0,0,0
2024-01-15,1045,0,0,0
2024-01-16,1058,0,0,0
2024-01-17,1087,0,0,0
2024-01-18,960,0,0,0
2024-01-19,690,0,0,0
2024-01-20,510,0,0,0
2024-01-21,591,0,0,0
2024-01-22,1248,0,0,0
2024-01-23,1140,0,0,0
2024-01-24,1056,0,0,0
2024-01-25,881,0,0,0
2024-01-26,710,0,0,0
2024-01-27,469,0,0,0
2024-01-28,428,0,0,0
2024-01-29,1187,0,0,0
2024-01-30,1023,0,0,0
2024-01-31,987,0,0,0
2024-02-01,885,0,0,0
2024-02-02,766,0,0,0
2024-02-03,485,0,0,0
2024-02-04,452,0,0,0
2024-02-05,1099,0,0,0
2024-02-06,1118,0,0,0
2024-02-07,944,0,0,0
2024-02-08,813,0,0,0
2024-02-09,703,0,0,0
2024-02-10,436,0,0,0
2024-02-11,387,0,0,0
2024-02-12,967,0,0,0
2024-02-13,662,0,0,0
2024-02-14,734,0,0,0
2024-02-15,643,0,0,0
2024-02-16,532,0,0,0
2024-02-17,334,0,0,0
2024-02-18,369,0,0,0
2024-02-19,641,0,0,0
2024-02-20,726,0,0,0
2024-02-21,719,0,0,0
2024-02-22,668,0,0,0
2024-02-23,520,0,0,0
2024-02-24,254,0,0,0
2024-02-25,308,0,0,0
2024-02-26,642,0,0,0
2024-02-27,605,0,0,0
2024-02-28,542,0,0,0
2024-02-29,353,0,0,0
2024-03-01,322,0,0,0
2024-03-02,205,0,0,0
2024-03-03,188,0,0,0
2024-03-04,489,0,0,0
2024-03-05,425,0,0,0
2024-03-06,461,0,0,0
2024-03-07,375,0,0,0
2024-03-08,324,0,0,0
2024-03-09,198,0,0,0
2024-03-10,195,0,0,0
2024-03-11,375,0,0,0
2024-03-12,325,0,0,0
2024-03-13,360,0,0,0
2024-03-14,349,0,0,0
2024-03-15,249,0,0,0
2024-03-16,149,0,0,0
2024-03-17,150,0,0,0
2024-03-18,322,0,0,0
2024-03-19,262,0,0,0
2024-03-20,281,0,0,0
2024-03-21,274,0,0,0
2024-03-22,262,0,0,0
2024-03-23,161,0,0,0
2024-03-24,232,0,0,0
2024-03-25,313,0,0,0
2024-03-26,273,0,0,0
2024-03-27,280,0,0,0
2024-03-28,224,0,0,0
2024-03-29,162,0,0,0
2024-03-30,103,0,0,0
2024-03-31,123,0,0,0
2024-04-01,257,0,0,0
2024-04-02,299,0,0,0
2024-04-03,296,0,0,0
2024-04-04,238,0,0,0
2024-04-05,212,0,0,0
2024-04-06,144,0,0,0
2024-04-07,150,0,0,0
2024-04-08,282,0,0,0
2024-04-09,216,0,0,0
2024-04-10,226,0,0,0
2024-04-11,206,0,0,0
2024-04-12,209,0,0,0
2024-04-13,116,0,0,0
2024-04-14,98,0,0,0
2024-04-15,233,0,0,0
2024-04-16,212,0,0,0
2024-04-17,258,0,0,0
2024-04-18,231,0,0,0
2024-04-19,207,0,0,0
2024-04-20,119,0,0,0
2024-04-21,131,0,0,0
2024-04-22,274,0,0,0
2024-04-23,258,0,0,0
2024-04-24,276,0,0,0
2024-04-25,237,0,0,0
2024-04-26,227,0,0,0
2024-04-27,141,0,0,0
2024-04-28,148,0,0,0
2024-04-29,320,0,0,0
2024-04-30,312,0,0,0
2024-05-01,292,0,0,0
2024-05-02,292,0,0,0
2024-05-03,292,0,0,0
2024-05-04,160,0,0,0
2024-05-05,170,0,0,0
2024-05-06,295,0,0,0
2024-05-07,326,0,0,0
2024-05-08,320,0,0,0
2024-05-09,354,0,0,0
2024-05-10,280,0,0,0
2024-05-11,210,0,0,0
2024-05-12,172,0,0,0
2024-05-13,361,0,0,0
2024-05-14,339,0,0,0
2024-05-15,279,0,0,0
2024-05-16,307,0,0,0
2024-05-17,247,0,0,0
2024-05-18,144,0,0,0
2024-05-19,195,0,0,0
2024-05-20,364,0,0,0
2024-05-21,327,0,0,0
2024-05-22,344,0,0,0
2024-05-23,285,0,0,0
2024-05-24,291,0,0,0
2024-05-25,176,0,0,0
2024-05-26,202,0,0,0
2024-05-27,204,0,0,0
2024-05-28,374,0,0,0
2024-05-29,332,0,0,0
2024-05-30,397,0,0,0
2024-05-31,423,0,0,0
2024-06-01,218,0,0,0
2024-06-02,255,0,0,0
2024-06-03,424,0,0,0
2024-06-04,416,0,0,0
2024-06-05,453,0,0,0
2024-06-06,412,0,0,0
2024-06-07,383,0,0,0
2024-06-08,232,0,0,0
2024-06-09,296,0,0,0
2024-06-10,628,0,0,0
2024-06-11,532,0,0,0
2024-06-12,589,0,0,0
2024-06-13,580,0,0,0
2024-06-14,588,0,0,0
2024-06-15,324,0,0,0
2024-06-16,402,0,0,0
2024-06-17,741,0,0,0
2024-06-18,672,0,0,0
2024-06-19,684,0,0,0
2024-06-20,716,0,0,0
2024-06-21,599,0,0,0
2024-06-22,375,0,0,0
2024-06-23,353,0,0,0
2024-06-24,828,0,0,0
2024-06-25,751,0,0,0
2024-06-26,768,0,0,0
2024-06-27,718,0,0,0
2024-06-28,633,0,0,0
2024-06-29,350,0,0,0
2024-06-30,366,0,0,0
2024-07-01,1003,0,0,0
2024-07-02,719,0,0,0
2024-07-03,676,0,0,0
2024-07-04,394,0,0,0
2024-07-05,649,0,0,0
2024-07-06,399,0,0,0
2024-07-07,437,0,0,0
2024-07-08,1078,0,0,0
2024-07-09,844,0,0,0
2024-07-10,756,0,0,0
2024-07-11,646,0,0,0
2024-07-12,665,0,0,0
2024-07-13,375,0,0,0
2024-07-14,414,0,0,0
2024-07-15,1062,0,0,0
2024-07-16,743,0,0,0
2024-07-17,639,0,0,0
2024-07-18,646,0,0,0
2024-07-19,485,0,0,0
2024-07-20,410,0,0,0
2024-07-21,477,0,0,0
2024-07-22,1078,0,0,0
2024-07-23,841,0.0011890606420927466,0.0001923134838635297,0.006144566951994431
2024-07-24,802,0,0,0
2024-07-25,655,0,0,0
2024-07-26,630,0,0,0
2024-07-27,410,0,0,0
2024-07-28,524,0,0,0
2024-07-29,1175,0,0,0
2024-07-30,738,0,0,0
2024-07-31,782,0,0,0
2024-08-01,688,0,0,0
2024-08-02,620,0,0,0
2024-08-03,393,0,0,0
2024-08-04,446,0,0,0
2024-08-05,1120,0,0,0
2024-08-06,818,0,0,0
2024-08-07,757,0,0,0
2024-08-08,674,0,0,0
2024-08-09,660,0,0,0
2024-08-10,410,0,0,0
2024-08-11,388,0,0,0
2024-08-12,957,0,0,0
2024-08-13,763,0,0,0
2024-08-14,671,0,0,0
2024-08-15,650,0,0,0
2024-08-16,605,0,0,0
2024-08-17,359,0,0,0
2024-08-18,442,0,0,0
2024-08-19,1132,0,0,0
2024-08-20,766,0,0,0
2024-08-21,613,0,0,0
2024-08-22,521,0,0,0
2024-08-23,540,0,0,0
2024-08-24,349,0,0,0
2024-08-25,337,0,0,0
2024-08-26,1034,0,0,0
2024-08-27,708,0.002824858757062147,0.0006875633285343395,0.00909192429096557
2024-08-28,602,0,0,0
2024-08-29,588,0,0,0
2024-08-30,473,0,0,0
2024-08-31,270,0,0,0
2024-09-01,271,0,0,0
2024-09-02,753,0,0,0
2024-09-03,694,0,0,0
2024-09-04,621,0,0,0
2024-09-05,538,0,0,0
2024-09-06,474,0,0,0
2024-09-07,259,0,0,0
2024-09-08,338,0,0,0
2024-09-09,888,0,0,0
2024-09-10,619,0,0,0
2024-09-11,569,0,0,0
2024-09-12,596,0,0,0
2024-09-13,475,0,0,0
2024-09-14,314,0,0,0
2024-09-15,327,0,0,0
2024-09-16,778,0,0,0
2024-09-17,636,0,0,0
2024-09-18,620,0,0,0
2024-09-19,490,0,0,0
2024-09-20,360,0,0,0
2024-09-21,205,0,0,0
2024-09-22,323,0,0,0
2024-09-23,692,0,0,0
2024-09-24,458,0,0,0
2024-09-25,418,0,0,0
2024-09-26,385,0,0,0
2024-09-27,314,0,0,0
2024-09-28,198,0,0,0
2024-09-29,217,0,0,0
2024-09-30,736,0,0,0
2024-10-01,387,0,0,0
2024-10-02,360,0,0,0
2024-10-03,305,0,0,0
2024-10-04,257,0,0,0
2024-10-05,175,0,0,0
2024-10-06,192,0,0,0
2024-10-07,692,0,0,0
2024-10-08,411,0,0,0
2024-10-09,325,0.003076923076923077,0.000496014942682425,0.015737794600183104
2024-10-10,307,0,0,0
2024-10-11,259,0,0,0
2024-10-12,135,0,0,0
2024-10-13,164,0,0,0
2024-10-14,539,0,0,0
2024-10-15,317,0,0,0
2024-10-16,311,0,0,0
2024-10-17,235,0,0,0
2024-10-18,182,0,0,0
2024-10-19,122,0,0,0
2024-10-20,152,0,0,0
2024-10-21,437,0,0,0
2024-10-22,288,0,0,0
2024-10-23,252,0,0,0
2024-10-24,222,0,0,0
2024-10-25,209,0,0,0
2024-10-26,106,0,0,0
2024-10-27,145,0,0,0
2024-10-28,487,0,0,0
2024-10-29,268,0,0,0
2024-10-30,253,0,0,0
2024-10-31,218,0,0,0
2024-11-01,228,0,0,0
2024-11-02,110,0,0,0
2024-11-03,126,0,0,0
2024-11-04,447,0,0,0
2024-11-05,264,0,0,0
2024-11-06,282,0,0,0
2024-11-07,212,0,0,0
2024-11-08,172,0,0,0
2024-11-09,90,0,0,0
2024-11-10,106,0,0,0
2024-11-11,325,0,0,0
2024-11-12,219,0,0,0
2024-11-13,229,0,0,0
2024-11-14,223,0,0,0
2024-11-15,174,0,0,0
2024-11-16,94,0,0,0
2024-11-17,123,0,0,0
2024-11-18,365,0,0,0
2024-11-19,202,0,0,0
2024-11-20,188,0,0,0
2024-11-21,167,0,0,0
2024-11-22,173,0,0,0
2024-11-23,88,0,0,0
2024-11-24,101,0,0,0
2024-11-25,399,0,0,0
2024-11-26,242,0,0,0
2024-11-27,194,0,0,0
2024-11-28,113,0,0,0
2024-11-29,128,0,0,0
2024-11-30,118,0,0,0
2024-12-01,138,0,0,0
2024-12-02,436,0,0,0
2024-12-03,285,0,0,0
2024-12-04,237,0,0,0
2024-12-05,217,0,0,0
2024-12-06,187,0,0,0
2024-12-07,159,0,0,0
2024-12-08,150,0,0,0
2024-12-09,459,0,0,0
2024-12-10,321,0,0,0
2024-12-11,281,0,0,0
2024-12-12,236,0,0,0
2024-12-13,258,0,0,0
2024-12-14,131,0,0,0
2024-12-15,149,0,0,0
2024-12-16,454,0,0,0
2024-12-17,279,0,0,0
2024-12-18,304,0,0,0
2024-12-19,256,0,0,0
2024-12-20,251,0,0,0
2024-12-21,119,0,0,0
2024-12-22,158,0,0,0
2024-12-23,386,0,0,0
2024-12-24,264,0,0,0
2024-12-25,141,0,0,0
2024-12-26,312,0,0,0
2024-12-27,309,0,0,0
2024-12-28,235,0,0,0
2024-12-29,244,0,0,0
2024-12-30,454,0,0,0
2024-12-31,290,0,0,0
2025-01-01,198,0,0,0
2025-01-02,333,0,0,0
2025-01-03,284,0,0,0
2025-01-04,192,0,0,0
2025-01-05,209,0,0,0
2025-01-06,391,0,0,0
2025-01-07,356,0,0,0
2025-01-08,255,0,0,0
2025-01-09,256,0,0,0
2025-01-10,205,0,0,0
2025-01-11,116,0,0,0
2025-01-12,154,0,0,0
2025-01-13,358,0,0,0
2025-01-14,283,0,0,0
2025-01-15,262,0,0,0
2025-01-16,267,0,0,0
2025-01-17,233,0,0,0
2025-01-18,132,0,0,0
2025-01-19,124,0,0,0
2025-01-20,312,0,0,0
2025-01-21,320,0,0,0
2025-01-22,278,0,0,0
2025-01-23,293,0,0,0
2025-01-24,204,0,0,0
2025-01-25,128,0,0,0
2025-01-26,143,0,0,0
2025-01-27,310,0,0,0
2025-01-28,226,0,0,0
2025-01-29,197,0,0,0
2025-01-30,197,0,0,0
2025-01-31,205,0,0,0
2025-02-01,138,0,0,0
2025-02-02,170,0,0,0
2025-02-03,390,0,0,0
2025-02-04,342,0,0,0
2025-02-05,272,0,0,0
2025-02-06,226,0,0,0
2025-02-07,198,0,0,0
2025-02-08,135,0,0,0
2025-02-09,139,0,0,0
2025-02-10,335,0,0,0
2025-02-11,240,0,0,0
2025-02-12,221,0,0,0
2025-02-13,196,0,0,0
2025-02-14,202,0,0,0
2025-02-15,137,0,0,0
2025-02-16,110,0,0,0
2025-02-17,286,0,0,0
2025-02-18,238,0,0,0
2025-02-19,205,0,0,0
2025-02-20,216,0,0,0
2025-02-21,164,0,0,0
2025-02-22,108,0,0,0
2025-02-23,87,0,0,0
2025-02-24,283,0,0,0
2025-02-25,227,0,0,0
2025-02-26,217,0,0,0
2025-02-27,212,0.0047169811320754715,0.0007780449202214737,0.024527619223503053
2025-02-28,153,0,0,0
2025-03-01,84,0,0,0
2025-03-02,107,0,0,0
2025-03-03,265,0,0,0
2025-03-04,183,0,0,0
2025-03-05,156,0,0,0
2025-03-06,190,0,0,0
2025-03-07,165,0,0,0
2025-03-08,83,0,0,0
2025-03-09,84,0,0,0
2025-03-10,230,0,0,0
2025-03-11,174,0,0,0
2025-03-12,133,0,0,0
2025-03-13,142,0,0,0
2025-03-14,110,0,0,0
2025-03-15,78,0,0,0
2025-03-16,70,0,0,0
2025-03-17,159,0,0,0
2025-03-18,96,0,0,0
2025-03-19,85,0,0,0
2025-03-20,102,0,0,0
2025-03-21,85,0,0,0
2025-03-22,56,0,0,0
2025-03-23,65,0,0,0
2025-03-24,160,0,0,0
2025-03-25,149,0,0,0
2025-03-26,137,0,0,0
2025-03-27,131,0,0,0
2025-03-28,101,0,0,0
2025-03-29,36,0,0,0
2025-03-30,69,0,0,0
2025-03-31,137,0,0,0
2025-04-01,106,0,0,0
2025-04-02,108,0,0,0
2025-04-03,99,0,0,0
2025-04-04,73,0,0,0
2025-04-05,44,0,0,0
2025-04-06,37,0,0,0
2025-04-07,106,0,0,0
2025-04-08,102,0,0,0
2025-04-09,92,0,0,0
2025-04-10,74,0,0,0
2025-04-11,44,0,0,0
2025-04-12,18,0,0,0
2025-04-13,16,0,0,0
2025-04-14,38,0,0,0
2025-04-15,18,0,0,0
2025-04-16,7,0,0,0
2025-04-17,1,0,0,0
2025-04-18,5,0,0,0
2025-04-19,2,0,0,0
